EnrollmentID,StudentID,CourseID,FinalScore,MidtermScore,Pass_Fail,PriorAttempts,Exam_Score
1,83,C301,85.0,73,Pass,5,80.2
2,290,C401,92.0,81,Pass,0,87.6
3,261,C401,69.0,84,Withdrawn,3,75.0
4,154,C401,49.0,44,Withdrawn,5,47.0
5,360,C301,67.0,80,Withdrawn,5,72.19999999999999
6,69,C101,67.5,81,Withdrawn,2,72.9
7,225,C101,87.0,90,Pass,1,88.19999999999999
8,53,C101,36.0,61,Withdrawn,5,46.0
9,265,C401,48.0,42,Withdrawn,5,45.599999999999994
10,288,C101,59.0,63,Fail,5,60.6
11,439,C201,78.0,77,Pass,2,77.6
12,390,C101,32.0,50,Withdrawn,5,39.2
13,126,C101,76.0,93,Pass,0,82.80000000000001
14,93,C201,62.5,71,Withdrawn,5,65.9
15,444,C201,74.5,95,Withdrawn,5,82.69999999999999
16,198,C201,69.0,40,Pass,3,57.4
17,356,C101,73.0,66,Pass,0,70.2
18,237,C301,91.0,82,Pass,5,87.4
19,232,C101,64.5,75,Withdrawn,1,68.69999999999999
20,14,C101,52.5,51,Pass,2,51.900000000000006
21,306,C101,70.0,47,Pass,5,60.8
22,199,C201,72.0,90,Fail,1,79.19999999999999
23,219,C301,76.0,59,Pass,0,69.2
24,43,C201,36.0,64,Withdrawn,5,47.2
25,46,C401,70.5,87,Withdrawn,5,77.1
26,76,C401,64.0,74,Withdrawn,5,68.0
27,406,C301,93.0,75,Pass,0,85.8
28,357,C301,95.0,74,Pass,2,86.6
29,84,C101,36.0,55,Withdrawn,4,43.599999999999994
30,145,C101,55.0,56,Withdrawn,5,55.400000000000006
31,397,C401,71.5,89,Fail,3,78.5
32,286,C201,59.5,65,Withdrawn,3,61.699999999999996
33,404,C101,82.0,87,Pass,1,84.0
34,407,C401,68.0,82,Withdrawn,1,73.6
35,30,C301,58.0,62,Withdrawn,1,59.599999999999994
36,125,C101,85.0,60,Pass,4,75.0
37,44,C401,93.0,95,Pass,3,93.8
38,98,C101,73.0,92,Withdrawn,4,80.6
39,334,C101,67.5,81,Withdrawn,3,72.9
40,106,C201,48.0,42,Withdrawn,2,45.599999999999994
41,337,C201,67.0,80,Withdrawn,0,72.19999999999999
42,41,C301,67.5,81,Fail,2,72.9
43,268,C401,70.5,87,Fail,2,77.1
44,326,C401,49.0,44,Withdrawn,5,47.0
45,333,C301,55.5,57,Withdrawn,1,56.099999999999994
46,236,C401,67.0,80,Withdrawn,0,72.19999999999999
47,147,C201,47.0,40,Pass,2,44.2
48,62,C301,91.0,74,Pass,3,84.2
49,343,C101,51.0,48,Withdrawn,0,49.8
50,344,C301,77.0,94,Pass,3,83.8
51,496,C201,25.0,44,Withdrawn,0,32.6
52,453,C401,65.0,62,Pass,1,63.8
53,67,C201,70.0,86,Withdrawn,2,76.4
54,452,C301,93.0,89,Pass,1,91.4
55,422,C201,70.5,87,Withdrawn,1,77.1
56,444,C401,65.5,77,Withdrawn,0,70.1
57,153,C301,61.0,40,Pass,3,52.6
58,301,C101,65.0,89,Pass,2,74.6
59,46,C201,54.5,55,Withdrawn,3,54.699999999999996
60,278,C401,21.0,45,Withdrawn,3,30.6
61,159,C401,65.0,72,Pass,1,67.8
62,154,C401,68.0,68,Pass,4,68.0
63,355,C401,56.0,58,Withdrawn,3,56.800000000000004
64,206,C401,69.0,84,Withdrawn,0,75.0
65,394,C201,53.0,42,Fail,0,48.599999999999994
66,467,C101,53.5,53,Withdrawn,2,53.300000000000004
67,201,C401,87.0,84,Pass,0,85.8
68,165,C401,55.0,56,Withdrawn,3,55.400000000000006
69,198,C101,76.0,85,Pass,1,79.6
70,59,C301,71.0,87,Pass,1,77.4
71,408,C101,50.5,47,Withdrawn,2,49.099999999999994
72,303,C101,71.0,60,Pass,4,66.6
73,107,C201,79.0,91,Pass,4,83.8
74,291,C101,70.0,86,Fail,0,76.4
75,7,C401,78.0,61,Pass,4,71.2
76,355,C101,83.0,55,Pass,4,71.8
77,303,C201,63.0,52,Pass,0,58.599999999999994
78,492,C301,61.0,86,Pass,1,71.0
79,409,C301,54.0,54,Pass,4,54.0
80,47,C401,91.0,93,Pass,0,91.80000000000001
81,500,C101,39.0,65,Withdrawn,2,49.4
82,139,C201,38.0,51,Withdrawn,4,43.2
83,479,C401,75.0,61,Pass,5,69.4
84,427,C101,71.0,88,Withdrawn,0,77.80000000000001
85,347,C301,76.0,84,Pass,5,79.2
86,419,C201,86.0,70,Pass,1,79.6
87,63,C101,56.5,59,Withdrawn,4,57.5
88,26,C101,55.0,78,Fail,5,64.2
89,457,C201,98.0,90,Pass,0,94.8
90,230,C101,82.0,95,Pass,3,87.19999999999999
91,316,C201,75.0,87,Pass,2,79.80000000000001
92,428,C101,66.5,79,Withdrawn,2,71.5
93,390,C401,61.0,64,Pass,2,62.2
94,487,C201,73.5,93,Withdrawn,1,81.30000000000001
95,200,C401,68.0,67,Pass,0,67.6
96,287,C101,51.0,48,Withdrawn,0,49.8
97,232,C401,66.0,84,Pass,0,73.2
98,140,C201,63.0,72,Withdrawn,2,66.6
99,242,C101,72.5,91,Fail,5,79.9
100,324,C101,70.5,87,Withdrawn,4,77.1
101,194,C101,75.0,45,Pass,4,63.0
102,455,C201,63.0,82,Pass,3,70.6
103,206,C301,69.5,85,Fail,2,75.69999999999999
104,51,C301,58.5,63,Withdrawn,1,60.300000000000004
105,56,C201,79.0,67,Pass,1,74.2
106,356,C101,73.0,90,Pass,3,79.8
107,295,C301,87.0,82,Pass,2,85.0
108,192,C101,34.0,56,Withdrawn,3,42.8
109,53,C201,76.0,59,Pass,2,69.2
110,488,C101,68.0,92,Pass,3,77.6
111,408,C101,63.0,72,Withdrawn,4,66.6
112,84,C101,70.0,41,Pass,1,58.400000000000006
113,90,C401,59.0,64,Withdrawn,4,61.0
114,116,C201,74.5,95,Fail,3,82.69999999999999
115,458,C201,46.0,53,Fail,0,48.8
116,285,C401,71.5,89,Withdrawn,1,78.5
117,408,C301,70.0,91,Pass,2,78.4
118,102,C401,86.0,60,Pass,0,75.6
119,152,C401,87.0,81,Pass,0,84.6
120,193,C401,30.0,57,Withdrawn,3,40.8
121,85,C101,71.0,71,Pass,2,71.0
122,81,C401,53.5,53,Pass,4,53.300000000000004
123,391,C301,49.5,45,Pass,5,47.7
124,253,C301,91.0,72,Pass,4,83.4
125,58,C301,44.0,42,Fail,4,43.2
126,54,C301,49.5,45,Withdrawn,0,47.7
127,237,C201,75.0,92,Pass,1,81.80000000000001
128,357,C101,69.5,85,Withdrawn,2,75.69999999999999
129,352,C201,72.0,90,Withdrawn,0,79.19999999999999
130,252,C201,95.0,80,Pass,5,89.0
131,452,C101,60.0,66,Withdrawn,5,62.400000000000006
132,488,C401,70.0,90,Pass,3,78.0
133,238,C401,72.0,90,Withdrawn,0,79.19999999999999
134,99,C301,51.5,49,Pass,2,50.5
135,334,C101,53.0,52,Pass,0,52.599999999999994
136,294,C101,71.0,88,Withdrawn,1,77.80000000000001
137,305,C401,73.0,92,Withdrawn,4,80.6
138,487,C301,67.0,59,Pass,1,63.8
139,497,C101,69.0,84,Withdrawn,1,75.0
140,271,C401,67.5,81,Withdrawn,0,72.9
141,349,C201,83.0,94,Pass,2,87.4
142,278,C101,54.5,55,Withdrawn,2,54.699999999999996
143,342,C101,86.0,92,Pass,0,88.4
144,473,C201,39.0,56,Withdrawn,5,45.8
145,45,C301,68.5,83,Withdrawn,2,74.30000000000001
146,120,C101,55.0,79,Fail,0,64.6
147,355,C301,80.0,66,Pass,4,74.4
148,233,C201,52.5,51,Pass,2,51.900000000000006
149,163,C201,23.0,53,Withdrawn,5,35.0
150,217,C301,53.0,45,Fail,4,49.8
151,164,C401,73.5,93,Fail,3,81.30000000000001
152,236,C201,59.0,64,Withdrawn,4,61.0
153,342,C301,51.0,51,Fail,0,51.0
154,410,C201,79.0,88,Pass,1,82.6
155,89,C301,48.0,73,Fail,3,58.0
156,211,C301,58.5,63,Withdrawn,0,60.300000000000004
157,101,C101,67.0,80,Withdrawn,1,72.19999999999999
158,217,C401,71.0,89,Pass,3,78.2
159,322,C301,75.0,64,Pass,4,70.6
160,81,C401,50.0,46,Withdrawn,2,48.400000000000006
161,426,C401,60.0,64,Pass,0,61.6
162,41,C301,55.0,84,Fail,2,66.6
163,203,C301,47.5,41,Pass,1,44.900000000000006
164,47,C401,39.0,57,Withdrawn,4,46.2
165,474,C201,53.0,52,Pass,2,52.599999999999994
166,324,C301,96.0,72,Pass,0,86.39999999999999
167,218,C101,72.5,91,Withdrawn,4,79.9
168,194,C301,63.0,44,Pass,0,55.4
169,175,C401,65.0,94,Pass,0,76.6
170,274,C101,75.0,58,Pass,2,68.2
171,171,C301,64.5,75,Withdrawn,4,68.69999999999999
172,120,C101,49.5,45,Pass,3,47.7
173,221,C401,31.0,57,Withdrawn,4,41.4
174,321,C101,53.5,53,Pass,4,53.300000000000004
175,171,C401,81.0,71,Pass,2,77.0
176,397,C201,87.0,89,Pass,2,87.8
177,455,C101,53.5,53,Pass,4,53.300000000000004
178,183,C201,69.5,85,Withdrawn,2,75.69999999999999
179,248,C101,70.0,87,Pass,4,76.80000000000001
180,61,C301,69.0,84,Withdrawn,5,75.0
181,415,C401,71.5,89,Fail,2,78.5
182,17,C201,43.0,40,Fail,0,41.8
183,357,C301,92.0,84,Pass,3,88.8
184,75,C401,68.0,82,Withdrawn,0,73.6
185,78,C301,69.0,59,Pass,3,65.0
186,360,C101,53.0,76,Fail,0,62.2
187,117,C401,64.0,74,Withdrawn,0,68.0
188,246,C301,71.5,89,Fail,2,78.5
189,5,C101,64.5,75,Withdrawn,0,68.69999999999999
190,150,C101,21.0,43,Withdrawn,1,29.799999999999997
191,66,C301,84.0,93,Pass,0,87.6
192,466,C401,46.0,66,Fail,2,54.0
193,145,C101,72.5,91,Fail,3,79.9
194,51,C301,66.0,78,Fail,1,70.80000000000001
195,268,C101,48.0,42,Withdrawn,5,45.599999999999994
196,430,C301,62.5,71,Withdrawn,0,65.9
197,370,C201,75.0,46,Pass,3,63.400000000000006
198,407,C401,60.0,66,Withdrawn,5,62.400000000000006
199,403,C301,81.0,59,Pass,5,72.2
200,215,C401,15.0,45,Withdrawn,5,27.0
201,346,C401,48.0,42,Withdrawn,3,45.599999999999994
202,317,C201,56.0,60,Fail,1,57.6
203,16,C101,57.0,71,Fail,4,62.599999999999994
204,10,C201,33.0,52,Withdrawn,0,40.6
205,192,C301,71.0,88,Fail,4,77.80000000000001
206,306,C101,52.0,50,Withdrawn,2,51.2
207,152,C201,64.0,74,Withdrawn,4,68.0
208,203,C401,53.0,54,Fail,4,53.4
209,427,C201,53.0,52,Withdrawn,1,52.599999999999994
210,323,C301,66.0,78,Withdrawn,2,70.80000000000001
211,393,C401,71.5,89,Withdrawn,0,78.5
212,429,C301,79.0,79,Pass,4,79.0
213,479,C201,69.5,85,Fail,1,75.69999999999999
214,222,C401,67.0,80,Withdrawn,3,72.19999999999999
215,351,C101,80.0,91,Pass,2,84.4
216,17,C401,28.0,44,Withdrawn,1,34.400000000000006
217,183,C201,74.5,95,Withdrawn,1,82.69999999999999
218,397,C401,63.5,73,Withdrawn,2,67.30000000000001
219,389,C401,43.0,50,Fail,3,45.8
220,439,C101,36.0,50,Withdrawn,0,41.599999999999994
221,119,C201,53.0,52,Withdrawn,3,52.599999999999994
222,89,C401,63.0,76,Pass,4,68.2
223,227,C201,49.5,45,Withdrawn,1,47.7
224,8,C301,51.0,48,Pass,3,49.8
225,463,C101,44.0,41,Fail,4,42.8
226,286,C401,79.0,56,Pass,2,69.8
227,430,C101,43.0,54,Fail,5,47.400000000000006
228,248,C101,41.0,64,Fail,0,50.2
229,399,C401,33.0,60,Withdrawn,0,43.8
230,189,C301,94.0,70,Pass,3,84.4
231,101,C401,61.0,68,Withdrawn,0,63.800000000000004
232,125,C301,48.5,43,Pass,2,46.3
233,498,C101,91.0,90,Pass,0,90.6
234,34,C401,75.0,64,Pass,4,70.6
235,38,C301,33.0,50,Withdrawn,2,39.8
236,357,C401,60.5,67,Withdrawn,0,63.099999999999994
237,88,C401,68.0,82,Withdrawn,1,73.6
238,82,C101,56.5,59,Withdrawn,4,57.5
239,451,C401,62.5,71,Withdrawn,5,65.9
240,355,C201,62.5,71,Withdrawn,4,65.9
241,262,C301,69.0,93,Pass,2,78.6
242,401,C401,53.5,53,Withdrawn,1,53.300000000000004
243,273,C301,31.0,60,Withdrawn,2,42.599999999999994
244,62,C401,24.0,47,Withdrawn,3,33.2
245,211,C301,55.5,57,Pass,3,56.099999999999994
246,416,C201,72.0,90,Withdrawn,2,79.19999999999999
247,122,C301,70.0,86,Withdrawn,5,76.4
248,492,C401,74.5,95,Pass,0,82.69999999999999
249,64,C401,75.0,93,Pass,4,82.2
250,259,C101,52.0,50,Withdrawn,0,51.2
251,100,C401,39.0,44,Withdrawn,1,41.0
252,232,C201,59.5,65,Withdrawn,2,61.699999999999996
253,381,C201,66.0,78,Withdrawn,3,70.80000000000001
254,270,C401,70.0,86,Withdrawn,0,76.4
255,105,C101,56.5,59,Withdrawn,2,57.5
256,92,C201,56.0,51,Fail,1,54.0
257,123,C201,74.5,95,Fail,0,82.69999999999999
258,140,C101,90.0,83,Pass,3,87.2
259,170,C401,68.5,83,Withdrawn,2,74.30000000000001
260,298,C401,38.0,59,Withdrawn,3,46.400000000000006
261,110,C101,74.5,95,Withdrawn,1,82.69999999999999
262,142,C301,53.5,53,Pass,0,53.300000000000004
263,357,C101,61.0,54,Pass,5,58.2
264,393,C101,62.5,71,Withdrawn,1,65.9
265,491,C101,38.0,45,Withdrawn,1,40.8
266,418,C301,64.5,75,Withdrawn,1,68.69999999999999
267,292,C301,57.0,60,Withdrawn,1,58.199999999999996
268,13,C301,57.5,61,Withdrawn,5,58.900000000000006
269,230,C101,64.0,44,Pass,5,56.0
270,106,C301,73.5,93,Fail,0,81.30000000000001
271,468,C301,64.0,56,Pass,5,60.8
272,298,C101,70.0,90,Pass,5,78.0
273,216,C301,50.0,46,Pass,4,48.400000000000006
274,395,C401,74.5,95,Pass,5,82.69999999999999
275,352,C201,62.0,48,Pass,1,56.4
276,15,C101,61.0,68,Withdrawn,3,63.800000000000004
277,145,C101,59.5,65,Pass,0,61.699999999999996
278,266,C401,53.0,52,Pass,3,52.599999999999994
279,496,C301,54.5,55,Withdrawn,5,54.699999999999996
280,66,C301,69.5,85,Fail,2,75.69999999999999
281,308,C301,72.5,91,Withdrawn,2,79.9
282,164,C201,76.0,52,Pass,5,66.4
283,442,C301,50.0,46,Withdrawn,1,48.400000000000006
284,249,C301,74.0,51,Pass,4,64.8
285,390,C201,97.0,76,Pass,5,88.6
286,147,C101,32.0,40,Withdrawn,1,35.2
287,226,C301,70.0,90,Pass,1,78.0
288,454,C301,20.0,45,Withdrawn,5,30.0
289,135,C401,67.5,81,Withdrawn,0,72.9
290,428,C101,56.0,58,Withdrawn,1,56.800000000000004
291,242,C401,56.0,48,Fail,0,52.800000000000004
292,317,C101,61.0,68,Withdrawn,5,63.800000000000004
293,283,C301,22.0,48,Withdrawn,0,32.400000000000006
294,462,C401,47.0,40,Pass,1,44.2
295,22,C201,81.0,58,Pass,5,71.80000000000001
296,20,C201,51.0,44,Fail,5,48.2
297,441,C101,42.0,46,Fail,0,43.6
298,186,C201,96.0,77,Pass,1,88.39999999999999
299,223,C201,52.0,58,Fail,5,54.400000000000006
300,398,C301,22.0,44,Withdrawn,1,30.8
301,454,C201,58.5,63,Withdrawn,2,60.300000000000004
302,370,C301,70.5,87,Withdrawn,4,77.1
303,324,C201,73.0,92,Withdrawn,1,80.6
304,255,C401,60.5,67,Withdrawn,0,63.099999999999994
305,364,C101,57.5,61,Withdrawn,3,58.900000000000006
306,310,C101,72.0,90,Withdrawn,5,79.19999999999999
307,200,C101,25.0,55,Withdrawn,4,37.0
308,195,C201,63.0,72,Fail,5,66.6
309,369,C401,72.0,90,Pass,0,79.19999999999999
310,316,C101,58.0,44,Fail,2,52.4
311,492,C201,72.0,90,Withdrawn,0,79.19999999999999
312,52,C101,69.0,84,Fail,5,75.0
313,33,C301,77.0,73,Pass,2,75.4
314,493,C401,88.0,73,Pass,3,82.0
315,435,C401,96.0,95,Pass,0,95.6
316,150,C301,65.0,48,Pass,2,58.2
317,128,C201,66.0,78,Withdrawn,5,70.80000000000001
318,215,C101,63.0,72,Pass,5,66.6
319,458,C301,66.5,79,Withdrawn,1,71.5
320,14,C301,73.5,93,Withdrawn,2,81.30000000000001
321,463,C401,72.0,87,Pass,2,78.0
322,110,C301,72.5,91,Fail,0,79.9
323,29,C201,50.5,47,Withdrawn,1,49.099999999999994
324,178,C101,71.5,89,Fail,1,78.5
325,234,C301,70.0,86,Fail,4,76.4
326,124,C401,48.5,43,Pass,3,46.3
327,389,C201,44.0,51,Fail,4,46.8
328,80,C301,87.0,75,Pass,5,82.19999999999999
329,258,C401,64.5,75,Withdrawn,1,68.69999999999999
330,300,C101,60.0,66,Withdrawn,2,62.400000000000006
331,481,C301,53.0,52,Withdrawn,1,52.599999999999994
332,219,C401,77.0,68,Pass,0,73.4
333,394,C201,96.0,68,Pass,1,84.8
334,165,C201,45.0,69,Fail,1,54.6
335,126,C101,20.0,49,Withdrawn,2,31.6
336,148,C101,66.0,46,Pass,4,58.0
337,499,C101,48.5,43,Pass,4,46.3
338,267,C201,66.0,78,Withdrawn,4,70.80000000000001
339,451,C301,73.0,92,Withdrawn,3,80.6
340,145,C101,67.0,80,Fail,5,72.19999999999999
341,292,C201,62.0,41,Pass,3,53.599999999999994
342,122,C401,73.0,92,Withdrawn,4,80.6
343,415,C301,58.5,63,Withdrawn,1,60.300000000000004
344,304,C401,59.5,65,Pass,0,61.699999999999996
345,317,C301,76.0,65,Pass,3,71.6
346,194,C101,60.5,67,Withdrawn,3,63.099999999999994
347,119,C301,68.0,82,Withdrawn,1,73.6
348,6,C301,30.0,51,Withdrawn,3,38.400000000000006
349,14,C101,67.0,49,Pass,3,59.8
350,249,C401,51.0,48,Withdrawn,4,49.8
351,59,C401,71.0,88,Withdrawn,5,77.80000000000001
352,107,C201,67.5,81,Fail,5,72.9
353,315,C201,87.0,64,Pass,2,77.8
354,274,C101,51.5,49,Pass,0,50.5
355,335,C401,81.0,87,Pass,4,83.4
356,110,C201,47.5,41,Pass,5,44.900000000000006
357,162,C201,72.5,91,Pass,0,79.9
358,166,C401,68.0,59,Pass,1,64.4
359,111,C401,65.5,77,Withdrawn,0,70.1
360,164,C101,89.0,85,Pass,2,87.4
361,424,C301,69.5,85,Withdrawn,2,75.69999999999999
362,289,C101,50.5,47,Withdrawn,0,49.099999999999994
363,490,C101,73.5,93,Fail,1,81.30000000000001
364,214,C101,60.5,67,Withdrawn,2,63.099999999999994
365,274,C301,60.5,67,Withdrawn,1,63.099999999999994
366,298,C201,70.0,67,Pass,4,68.8
367,71,C201,89.0,60,Pass,4,77.4
368,254,C201,60.0,64,Pass,3,61.6
369,316,C401,65.0,76,Withdrawn,3,69.4
370,7,C101,47.5,41,Pass,4,44.900000000000006
371,377,C401,59.5,65,Withdrawn,0,61.699999999999996
372,162,C401,67.0,80,Withdrawn,0,72.19999999999999
373,343,C101,53.0,52,Withdrawn,1,52.599999999999994
374,175,C301,99.0,80,Pass,2,91.4
375,192,C401,50.0,79,Fail,0,61.6
376,233,C201,65.5,77,Withdrawn,3,70.1
377,143,C101,63.0,72,Withdrawn,3,66.6
378,210,C401,55.5,57,Pass,0,56.099999999999994
379,338,C101,78.0,89,Pass,0,82.4
380,203,C201,73.0,50,Pass,3,63.8
381,488,C301,60.0,66,Withdrawn,1,62.400000000000006
382,116,C401,62.5,71,Withdrawn,2,65.9
383,112,C201,65.5,77,Withdrawn,0,70.1
384,14,C301,66.5,79,Withdrawn,2,71.5
385,48,C101,65.5,77,Withdrawn,4,70.1
386,369,C101,99.0,82,Pass,0,92.2
387,68,C401,70.0,86,Withdrawn,0,76.4
388,218,C101,75.0,79,Pass,1,76.6
389,152,C301,77.0,74,Pass,3,75.8
390,388,C201,46.0,50,Fail,2,47.599999999999994
391,12,C101,68.0,82,Withdrawn,1,73.6
392,451,C101,73.0,88,Pass,2,79.0
393,476,C101,62.0,90,Pass,2,73.19999999999999
394,251,C101,65.0,76,Withdrawn,3,69.4
395,420,C201,74.5,95,Withdrawn,2,82.69999999999999
396,45,C301,68.0,69,Pass,3,68.4
397,499,C301,69.0,79,Pass,1,73.0
398,26,C201,65.5,77,Withdrawn,3,70.1
399,421,C101,67.0,76,Pass,3,70.6
400,279,C101,66.0,88,Pass,2,74.80000000000001
401,53,C401,22.0,43,Withdrawn,5,30.4
402,8,C101,51.0,48,Pass,3,49.8
403,195,C201,69.5,85,Withdrawn,3,75.69999999999999
404,276,C301,72.0,90,Fail,3,79.19999999999999
405,297,C401,64.5,75,Withdrawn,4,68.69999999999999
406,242,C101,60.0,66,Withdrawn,3,62.400000000000006
407,187,C101,46.0,74,Fail,4,57.2
408,260,C301,73.5,93,Fail,3,81.30000000000001
409,282,C401,57.0,60,Withdrawn,1,58.199999999999996
410,475,C101,26.0,56,Withdrawn,3,38.0
411,115,C201,48.5,43,Pass,3,46.3
412,159,C101,50.0,46,Fail,2,48.400000000000006
413,304,C401,58.0,62,Withdrawn,1,59.599999999999994
414,102,C401,52.5,51,Withdrawn,5,51.900000000000006
415,438,C401,31.0,48,Withdrawn,0,37.8
416,98,C401,49.5,45,Pass,0,47.7
417,406,C301,37.0,59,Withdrawn,5,45.8
418,145,C101,39.0,41,Withdrawn,3,39.8
419,467,C401,55.0,53,Fail,0,54.2
420,475,C201,51.0,48,Withdrawn,2,49.8
421,369,C301,54.0,54,Pass,2,54.0
422,126,C301,53.0,52,Fail,1,52.599999999999994
423,202,C401,73.5,93,Withdrawn,2,81.30000000000001
424,212,C301,54.0,54,Withdrawn,5,54.0
425,49,C201,77.0,50,Pass,4,66.19999999999999
426,34,C401,88.0,87,Pass,2,87.6
427,137,C301,53.0,52,Withdrawn,0,52.599999999999994
428,340,C401,81.0,75,Pass,4,78.6
429,351,C101,52.0,50,Pass,0,51.2
430,371,C101,17.0,45,Withdrawn,5,28.2
431,338,C301,78.0,78,Pass,2,78.0
432,290,C201,90.0,71,Pass,0,82.4
433,159,C401,66.5,79,Withdrawn,3,71.5
434,357,C301,67.5,81,Fail,5,72.9
435,290,C301,59.0,41,Fail,0,51.8
436,348,C301,62.0,70,Withdrawn,2,65.19999999999999
437,36,C201,35.0,64,Withdrawn,2,46.6
438,101,C301,63.0,54,Pass,3,59.4
439,76,C401,74.0,94,Withdrawn,3,82.0
440,322,C201,56.0,74,Fail,1,63.2
441,358,C101,68.0,87,Pass,2,75.6
442,13,C101,55.0,56,Withdrawn,5,55.400000000000006
443,468,C201,58.0,43,Fail,4,52.0
444,256,C301,59.0,64,Pass,3,61.0
445,1,C301,58.5,63,Withdrawn,4,60.300000000000004
446,48,C101,53.0,52,Withdrawn,0,52.599999999999994
447,317,C401,31.0,48,Withdrawn,0,37.8
448,292,C101,60.0,66,Pass,2,62.400000000000006
449,389,C201,56.5,59,Withdrawn,0,57.5
450,110,C301,47.5,41,Withdrawn,1,44.900000000000006
451,449,C201,60.0,74,Pass,4,65.6
452,56,C101,55.0,59,Fail,4,56.6
453,1,C101,67.0,84,Pass,0,73.8
454,3,C401,64.0,74,Withdrawn,4,68.0
455,195,C101,56.0,46,Fail,4,52.0
456,88,C201,43.0,52,Fail,0,46.6
457,499,C401,65.0,76,Withdrawn,1,69.4
458,451,C101,64.5,75,Withdrawn,3,68.69999999999999
459,24,C401,69.0,84,Withdrawn,0,75.0
460,409,C201,80.0,90,Pass,0,84.0
461,308,C401,75.0,84,Pass,1,78.6
462,122,C301,74.5,95,Fail,0,82.69999999999999
463,47,C101,26.0,50,Withdrawn,5,35.6
464,242,C301,62.5,71,Withdrawn,2,65.9
465,368,C301,73.0,71,Pass,1,72.2
466,443,C301,54.0,59,Fail,2,56.0
467,146,C201,49.5,45,Pass,2,47.7
468,96,C301,62.0,87,Pass,5,72.0
469,326,C201,41.0,58,Fail,2,47.8
470,186,C301,37.0,63,Withdrawn,4,47.400000000000006
471,351,C401,92.0,94,Pass,1,92.8
472,81,C401,55.0,56,Withdrawn,0,55.400000000000006
473,458,C201,58.5,63,Withdrawn,3,60.300000000000004
474,413,C101,83.0,68,Pass,4,77.0
475,105,C201,68.0,56,Pass,2,63.2
476,89,C201,29.0,42,Withdrawn,4,34.2
477,338,C101,65.0,92,Pass,2,75.80000000000001
478,346,C301,44.0,40,Fail,4,42.4
479,50,C201,64.0,74,Withdrawn,4,68.0
480,51,C101,66.0,90,Pass,2,75.6
481,387,C401,71.0,88,Withdrawn,1,77.80000000000001
482,52,C301,48.0,53,Fail,5,50.0
483,104,C201,54.0,66,Fail,4,58.8
484,278,C301,47.0,64,Fail,3,53.8
485,486,C301,63.0,64,Pass,5,63.4
486,327,C301,49.0,44,Pass,3,47.0
487,162,C201,71.0,88,Withdrawn,4,77.80000000000001
488,257,C401,71.0,70,Pass,4,70.6
489,154,C301,64.0,88,Pass,3,73.6
490,261,C401,60.0,66,Withdrawn,4,62.400000000000006
491,146,C301,48.0,57,Fail,2,51.599999999999994
492,277,C201,60.0,74,Pass,5,65.6
493,227,C101,68.5,83,Withdrawn,2,74.30000000000001
494,35,C101,42.0,70,Fail,4,53.2
495,296,C301,44.0,52,Fail,4,47.2
496,428,C101,58.0,80,Fail,0,66.8
497,152,C401,64.0,74,Withdrawn,3,68.0
498,352,C101,21.0,40,Withdrawn,0,28.6
499,93,C201,55.5,57,Pass,1,56.099999999999994
500,458,C101,29.0,53,Withdrawn,3,38.6
501,280,C201,61.0,68,Withdrawn,0,63.800000000000004
502,34,C401,72.5,91,Fail,1,79.9
503,420,C101,64.0,74,Fail,0,68.0
504,213,C201,97.0,76,Pass,0,88.6
505,98,C301,60.5,67,Withdrawn,5,63.099999999999994
506,266,C401,66.0,62,Pass,0,64.4
507,426,C301,75.0,72,Pass,4,73.8
508,95,C301,71.0,88,Withdrawn,3,77.80000000000001
509,237,C301,57.0,60,Withdrawn,3,58.199999999999996
510,53,C201,69.0,84,Withdrawn,2,75.0
511,68,C201,63.0,65,Pass,5,63.8
512,61,C101,41.0,51,Fail,4,45.0
513,172,C401,70.0,61,Pass,4,66.4
514,237,C201,58.5,63,Withdrawn,1,60.300000000000004
515,247,C401,69.0,84,Fail,4,75.0
516,199,C401,66.5,79,Fail,2,71.5
517,162,C201,75.0,84,Pass,2,78.6
518,207,C301,64.0,74,Withdrawn,0,68.0
519,92,C301,50.0,61,Fail,4,54.400000000000006
520,333,C401,51.5,49,Withdrawn,1,50.5
521,398,C301,97.0,82,Pass,5,91.0
522,11,C401,53.5,53,Withdrawn,1,53.300000000000004
523,140,C201,67.0,80,Fail,1,72.19999999999999
524,368,C101,55.0,56,Pass,1,55.400000000000006
525,111,C201,97.0,89,Pass,1,93.8
526,15,C301,78.0,57,Pass,4,69.6
527,223,C201,59.5,65,Withdrawn,4,61.699999999999996
528,1,C401,94.0,83,Pass,1,89.6
529,441,C201,50.5,47,Withdrawn,3,49.099999999999994
530,493,C101,50.0,70,Fail,2,58.0
531,474,C401,65.5,77,Withdrawn,3,70.1
532,212,C301,34.0,55,Withdrawn,0,42.4
533,64,C201,70.5,87,Fail,3,77.1
534,168,C101,46.0,51,Fail,0,48.0
535,416,C201,47.0,40,Pass,4,44.2
536,87,C101,67.5,81,Withdrawn,1,72.9
537,46,C201,47.0,76,Fail,2,58.6
538,187,C101,94.0,65,Pass,3,82.4
539,47,C201,98.0,75,Pass,3,88.8
540,471,C301,58.0,62,Withdrawn,5,59.599999999999994
541,131,C301,57.5,61,Pass,0,58.900000000000006
542,121,C101,66.0,53,Pass,2,60.800000000000004
543,96,C401,50.0,58,Fail,2,53.2
544,51,C301,68.0,74,Pass,5,70.4
545,474,C101,80.0,78,Pass,2,79.2
546,371,C201,94.0,75,Pass,0,86.4
547,148,C301,73.0,92,Withdrawn,2,80.6
548,372,C101,34.0,61,Withdrawn,4,44.8
549,437,C401,60.0,66,Withdrawn,1,62.400000000000006
550,262,C301,91.0,72,Pass,3,83.4
551,40,C401,55.0,51,Fail,5,53.400000000000006
552,196,C101,87.0,95,Pass,4,90.19999999999999
553,113,C401,34.0,58,Withdrawn,3,43.6
554,244,C301,74.0,94,Pass,4,82.0
555,62,C301,87.0,77,Pass,3,83.0
556,289,C301,54.0,54,Withdrawn,3,54.0
557,237,C201,70.0,52,Pass,4,62.8
558,275,C401,58.0,62,Withdrawn,2,59.599999999999994
559,307,C101,62.0,70,Withdrawn,1,65.19999999999999
560,478,C201,50.0,58,Fail,5,53.2
561,414,C301,33.0,49,Withdrawn,2,39.400000000000006
562,494,C201,50.0,46,Pass,3,48.400000000000006
563,316,C101,63.0,79,Pass,5,69.4
564,20,C401,17.0,40,Withdrawn,4,26.2
565,36,C401,55.5,57,Withdrawn,5,56.099999999999994
566,446,C401,74.0,94,Fail,5,82.0
567,95,C301,62.0,59,Pass,5,60.8
568,286,C301,56.5,59,Pass,4,57.5
569,87,C201,55.0,77,Fail,4,63.8
570,9,C301,32.0,58,Withdrawn,1,42.400000000000006
571,249,C401,67.0,80,Withdrawn,3,72.19999999999999
572,232,C401,71.0,43,Pass,5,59.8
573,395,C301,92.0,76,Pass,3,85.6
574,430,C201,99.0,70,Pass,0,87.4
575,103,C201,52.0,50,Withdrawn,2,51.2
576,16,C301,83.0,73,Pass,0,79.0
577,72,C101,34.0,52,Withdrawn,4,41.2
578,102,C101,51.0,48,Pass,0,49.8
579,352,C301,51.0,72,Fail,1,59.4
580,499,C101,47.0,61,Fail,1,52.6
581,427,C301,71.5,89,Fail,1,78.5
582,278,C101,62.5,71,Withdrawn,2,65.9
583,56,C201,50.0,46,Pass,2,48.400000000000006
584,31,C201,58.0,74,Fail,0,64.4
585,9,C401,90.0,94,Pass,3,91.6
586,39,C401,84.0,70,Pass,0,78.4
587,34,C201,50.0,46,Withdrawn,3,48.400000000000006
588,194,C401,65.0,76,Withdrawn,5,69.4
589,209,C201,29.0,52,Withdrawn,3,38.2
590,201,C201,73.0,92,Withdrawn,0,80.6
591,60,C301,48.0,64,Fail,1,54.4
592,293,C201,59.0,86,Fail,4,69.8
593,62,C301,55.5,57,Withdrawn,4,56.099999999999994
594,283,C101,66.5,79,Withdrawn,2,71.5
595,242,C301,73.0,64,Pass,3,69.4
596,238,C201,48.5,43,Withdrawn,0,46.3
597,462,C101,44.0,45,Fail,2,44.4
598,115,C101,70.0,86,Fail,5,76.4
599,36,C201,67.5,81,Withdrawn,0,72.9
600,293,C301,42.0,48,Fail,4,44.400000000000006
601,242,C301,61.5,69,Withdrawn,2,64.5
602,494,C401,65.5,77,Withdrawn,4,70.1
603,402,C201,19.0,49,Withdrawn,2,31.0
604,381,C201,49.0,44,Pass,0,47.0
605,319,C301,54.0,54,Pass,2,54.0
606,479,C401,49.0,44,Withdrawn,0,47.0
607,476,C401,48.0,42,Pass,2,45.599999999999994
608,333,C201,89.0,69,Pass,4,81.0
609,301,C201,80.0,65,Pass,1,74.0
610,182,C401,58.5,63,Withdrawn,2,60.300000000000004
611,236,C101,49.5,45,Withdrawn,0,47.7
612,438,C401,68.0,71,Pass,2,69.2
613,123,C201,96.0,91,Pass,0,94.0
614,162,C301,58.0,75,Fail,3,64.8
615,246,C201,74.0,94,Withdrawn,5,82.0
616,295,C301,49.5,45,Pass,5,47.7
617,496,C101,64.5,75,Withdrawn,2,68.69999999999999
618,216,C401,68.0,82,Withdrawn,4,73.6
619,335,C401,67.5,81,Withdrawn,0,72.9
620,221,C301,85.0,78,Pass,4,82.2
621,264,C201,75.0,75,Pass,2,75.0
622,262,C401,69.0,84,Fail,5,75.0
623,203,C401,53.0,78,Fail,5,63.0
624,202,C401,57.0,60,Withdrawn,4,58.199999999999996
625,308,C401,63.5,73,Withdrawn,5,67.30000000000001
626,128,C101,92.0,74,Pass,3,84.8
627,170,C301,51.0,62,Fail,2,55.4
628,118,C301,47.0,42,Fail,5,45.0
629,449,C101,41.0,47,Fail,5,43.4
630,388,C201,55.0,45,Fail,0,51.0
631,101,C101,70.0,86,Withdrawn,3,76.4
632,33,C201,30.0,54,Withdrawn,3,39.6
633,403,C101,48.5,43,Pass,0,46.3
634,425,C301,68.5,83,Withdrawn,5,74.30000000000001
635,315,C301,87.0,88,Pass,1,87.4
636,463,C401,80.0,81,Pass,2,80.4
637,184,C301,70.5,87,Fail,0,77.1
638,60,C301,74.0,78,Pass,4,75.6
639,55,C101,65.5,77,Withdrawn,4,70.1
640,183,C301,64.5,75,Withdrawn,1,68.69999999999999
641,102,C201,66.5,79,Withdrawn,0,71.5
642,113,C201,51.5,49,Withdrawn,4,50.5
643,341,C301,29.0,43,Withdrawn,4,34.599999999999994
644,127,C401,52.5,51,Pass,3,51.900000000000006
645,289,C101,55.0,52,Fail,5,53.8
646,137,C101,66.5,79,Withdrawn,1,71.5
647,90,C201,67.0,94,Pass,1,77.8
648,205,C201,71.5,89,Fail,5,78.5
649,233,C401,33.0,54,Withdrawn,3,41.400000000000006
650,57,C401,66.5,79,Fail,4,71.5
651,13,C401,83.0,63,Pass,3,75.0
652,459,C301,67.5,81,Fail,2,72.9
653,306,C101,48.0,54,Fail,2,50.4
654,281,C401,71.0,88,Withdrawn,3,77.80000000000001
655,50,C201,52.5,51,Pass,5,51.900000000000006
656,114,C301,30.0,53,Withdrawn,0,39.2
657,460,C301,61.0,82,Pass,1,69.4
658,436,C201,25.0,54,Withdrawn,2,36.6
659,218,C301,72.0,90,Fail,3,79.19999999999999
660,194,C401,31.0,41,Withdrawn,1,35.0
661,434,C301,73.0,46,Pass,4,62.2
662,263,C101,74.5,95,Withdrawn,0,82.69999999999999
663,437,C201,70.0,86,Fail,4,76.4
664,442,C301,71.5,89,Fail,4,78.5
665,19,C301,53.0,58,Fail,0,55.0
666,348,C301,59.0,86,Fail,4,69.8
667,481,C101,53.0,52,Withdrawn,0,52.599999999999994
668,205,C401,62.5,71,Withdrawn,3,65.9
669,283,C101,59.0,73,Fail,0,64.6
670,195,C301,49.5,45,Pass,1,47.7
671,77,C401,95.0,68,Pass,0,84.2
672,357,C301,76.0,79,Pass,3,77.2
673,8,C401,60.5,67,Withdrawn,5,63.099999999999994
674,61,C201,71.0,88,Withdrawn,3,77.80000000000001
675,206,C301,55.5,57,Withdrawn,1,56.099999999999994
676,243,C201,62.0,66,Pass,2,63.599999999999994
677,103,C201,68.5,83,Withdrawn,5,74.30000000000001
678,404,C201,72.0,76,Pass,2,73.6
679,132,C201,56.5,59,Withdrawn,2,57.5
680,27,C401,94.0,66,Pass,1,82.8
681,88,C301,56.0,58,Withdrawn,0,56.800000000000004
682,126,C301,59.0,55,Fail,4,57.4
683,19,C401,49.5,45,Withdrawn,2,47.7
684,309,C101,20.0,49,Withdrawn,1,31.6
685,405,C301,67.5,81,Withdrawn,3,72.9
686,432,C201,52.0,77,Fail,3,62.0
687,390,C401,70.0,86,Withdrawn,0,76.4
688,467,C301,89.0,61,Pass,2,77.8
689,154,C401,55.0,56,Withdrawn,3,55.400000000000006
690,1,C201,70.5,87,Withdrawn,4,77.1
691,300,C401,65.0,76,Withdrawn,3,69.4
692,307,C101,72.5,91,Withdrawn,5,79.9
693,287,C301,93.0,75,Pass,4,85.8
694,402,C201,38.0,57,Withdrawn,3,45.6
695,74,C201,71.5,89,Withdrawn,5,78.5
696,70,C201,57.0,59,Fail,0,57.8
697,335,C101,62.5,71,Withdrawn,2,65.9
698,206,C301,73.5,93,Withdrawn,5,81.30000000000001
699,161,C301,92.0,73,Pass,3,84.4
700,119,C401,40.0,63,Fail,4,49.2
701,383,C201,79.0,84,Pass,5,81.0
702,161,C201,62.5,71,Withdrawn,4,65.9
703,214,C401,27.0,47,Withdrawn,0,35.0
704,45,C201,60.5,67,Withdrawn,5,63.099999999999994
705,483,C101,37.0,65,Withdrawn,1,48.2
706,29,C401,53.0,52,Withdrawn,5,52.599999999999994
707,285,C101,70.0,86,Withdrawn,0,76.4
708,28,C201,56.5,59,Pass,3,57.5
709,194,C401,67.0,58,Pass,5,63.4
710,478,C301,66.5,79,Withdrawn,4,71.5
711,203,C101,51.0,48,Pass,3,49.8
712,281,C201,74.0,61,Pass,3,68.8
713,313,C401,69.5,85,Withdrawn,5,75.69999999999999
714,174,C401,57.5,61,Pass,1,58.900000000000006
715,140,C301,29.0,41,Withdrawn,2,33.8
716,430,C201,100.0,71,Pass,3,88.4
717,495,C301,49.0,48,Fail,5,48.6
718,216,C101,87.0,66,Pass,0,78.6
719,200,C401,55.0,76,Fail,4,63.400000000000006
720,228,C301,60.0,66,Pass,5,62.400000000000006
721,272,C201,96.0,91,Pass,4,94.0
722,359,C201,87.0,79,Pass,5,83.8
723,95,C401,73.0,92,Withdrawn,1,80.6
724,144,C201,72.0,45,Pass,1,61.199999999999996
725,42,C101,57.5,61,Withdrawn,1,58.900000000000006
726,226,C101,74.5,95,Pass,5,82.69999999999999
727,1,C401,72.5,91,Withdrawn,4,79.9
728,248,C301,78.0,78,Pass,0,78.0
729,199,C101,64.0,74,Withdrawn,3,68.0
730,179,C101,67.0,80,Withdrawn,3,72.19999999999999
731,17,C201,53.5,53,Withdrawn,0,53.300000000000004
732,375,C201,60.5,67,Withdrawn,2,63.099999999999994
733,391,C101,54.0,54,Pass,5,54.0
734,142,C101,56.0,55,Fail,1,55.6
735,44,C401,31.0,46,Withdrawn,5,37.0
736,108,C301,69.0,84,Withdrawn,5,75.0
737,81,C301,68.0,53,Pass,2,62.0
738,340,C301,53.0,42,Fail,1,48.599999999999994
739,231,C401,15.0,45,Withdrawn,3,27.0
740,463,C401,55.0,82,Fail,4,65.80000000000001
741,343,C101,44.0,70,Fail,3,54.4
742,475,C301,63.0,72,Withdrawn,2,66.6
743,5,C401,54.0,54,Pass,3,54.0
744,389,C401,59.5,65,Withdrawn,3,61.699999999999996
745,471,C201,48.5,43,Pass,0,46.3
746,465,C401,67.0,80,Withdrawn,2,72.19999999999999
747,366,C101,79.0,52,Pass,1,68.2
748,177,C201,91.0,75,Pass,5,84.6
749,443,C301,60.0,63,Pass,3,61.2
750,477,C401,34.0,59,Withdrawn,0,44.0
751,435,C101,78.0,85,Pass,3,80.8
752,487,C301,64.0,48,Pass,5,57.6
753,446,C201,48.0,61,Fail,1,53.2
754,119,C101,58.0,63,Fail,1,60.0
755,154,C201,83.0,60,Pass,1,73.8
756,35,C401,60.0,54,Pass,2,57.6
757,270,C101,61.0,68,Withdrawn,1,63.800000000000004
758,442,C401,69.5,85,Withdrawn,2,75.69999999999999
759,121,C101,74.0,94,Pass,2,82.0
760,69,C201,82.0,54,Pass,4,70.8
761,180,C201,98.0,79,Pass,1,90.4
762,357,C401,16.0,43,Withdrawn,1,26.799999999999997
763,205,C301,56.0,42,Fail,3,50.400000000000006
764,87,C401,65.0,53,Pass,4,60.2
765,425,C401,55.5,57,Withdrawn,0,56.099999999999994
766,174,C201,71.5,89,Fail,1,78.5
767,128,C401,93.0,83,Pass,4,89.0
768,112,C301,64.0,74,Withdrawn,2,68.0
769,474,C301,65.0,56,Pass,1,61.400000000000006
770,212,C401,72.0,87,Pass,1,78.0
771,220,C101,62.0,78,Pass,3,68.4
772,465,C401,60.5,67,Withdrawn,4,63.099999999999994
773,480,C101,63.5,73,Withdrawn,3,67.30000000000001
774,208,C201,71.0,88,Withdrawn,5,77.80000000000001
775,309,C401,83.0,86,Pass,4,84.19999999999999
776,75,C201,31.0,53,Withdrawn,2,39.8
777,167,C401,79.0,95,Pass,2,85.4
778,438,C401,65.5,77,Withdrawn,0,70.1
779,492,C201,50.5,47,Pass,2,49.099999999999994
780,399,C301,62.5,71,Withdrawn,2,65.9
781,458,C301,86.0,66,Pass,5,78.0
782,97,C101,58.0,49,Fail,4,54.4
783,234,C101,69.0,84,Withdrawn,4,75.0
784,467,C101,75.0,73,Pass,0,74.2
785,67,C401,92.0,77,Pass,3,86.0
786,491,C101,88.0,86,Pass,0,87.19999999999999
787,357,C201,61.0,78,Pass,0,67.80000000000001
788,486,C201,63.5,73,Withdrawn,2,67.30000000000001
789,263,C301,64.0,71,Pass,5,66.8
790,424,C201,62.5,71,Withdrawn,2,65.9
791,146,C201,67.0,75,Pass,2,70.19999999999999
792,393,C101,64.0,59,Pass,3,62.0
793,393,C201,50.0,46,Withdrawn,2,48.400000000000006
794,147,C101,59.0,64,Withdrawn,0,61.0
795,167,C401,51.5,49,Pass,5,50.5
796,258,C101,50.5,47,Withdrawn,3,49.099999999999994
797,20,C201,70.0,42,Pass,3,58.8
798,96,C101,51.0,69,Fail,1,58.2
799,131,C401,25.0,52,Withdrawn,2,35.8
800,341,C201,69.0,62,Pass,1,66.2
801,77,C401,71.0,57,Pass,5,65.4
802,281,C101,43.0,47,Fail,4,44.6
803,370,C201,48.0,42,Pass,0,45.599999999999994
804,289,C201,58.0,62,Pass,2,59.599999999999994
805,498,C201,62.5,71,Withdrawn,5,65.9
806,3,C301,73.0,92,Withdrawn,5,80.6
807,323,C201,99.0,90,Pass,2,95.4
808,301,C101,57.5,61,Pass,0,58.900000000000006
809,115,C301,43.0,69,Fail,5,53.400000000000006
810,5,C101,51.0,46,Fail,0,49.0
811,415,C201,65.5,77,Withdrawn,4,70.1
812,174,C401,66.0,78,Withdrawn,5,70.80000000000001
813,280,C101,24.0,51,Withdrawn,3,34.8
814,190,C301,52.0,50,Pass,5,51.2
815,125,C201,81.0,81,Pass,1,81.0
816,333,C401,48.5,43,Pass,0,46.3
817,117,C201,65.0,76,Withdrawn,4,69.4
818,199,C201,58.5,63,Withdrawn,0,60.300000000000004
819,119,C401,67.0,55,Pass,3,62.199999999999996
820,270,C401,64.0,43,Pass,1,55.599999999999994
821,129,C401,27.0,49,Withdrawn,0,35.8
822,400,C401,68.5,83,Fail,5,74.30000000000001
823,196,C301,85.0,92,Pass,3,87.80000000000001
824,289,C101,55.0,56,Withdrawn,4,55.400000000000006
825,54,C101,67.0,83,Pass,0,73.4
826,17,C101,72.5,91,Fail,5,79.9
827,491,C201,27.0,53,Withdrawn,5,37.400000000000006
828,172,C301,39.0,69,Withdrawn,0,51.0
829,80,C201,62.5,71,Withdrawn,4,65.9
830,99,C401,58.5,63,Withdrawn,1,60.300000000000004
831,285,C401,30.0,51,Withdrawn,4,38.400000000000006
832,112,C101,65.0,76,Withdrawn,5,69.4
833,208,C201,91.0,84,Pass,5,88.2
834,253,C101,85.0,64,Pass,5,76.6
835,56,C401,99.0,78,Pass,4,90.6
836,286,C301,75.0,90,Pass,3,81.0
837,241,C101,65.0,51,Pass,2,59.400000000000006
838,371,C101,74.0,94,Withdrawn,0,82.0
839,362,C201,67.0,95,Pass,0,78.19999999999999
840,111,C301,70.5,87,Withdrawn,4,77.1
841,36,C101,38.0,41,Withdrawn,4,39.2
842,288,C101,47.0,40,Withdrawn,2,44.2
843,124,C301,72.0,93,Pass,1,80.4
844,393,C401,49.0,44,Pass,4,47.0
845,64,C101,50.0,46,Withdrawn,5,48.400000000000006
846,485,C401,32.0,62,Withdrawn,4,44.0
847,208,C401,71.5,89,Withdrawn,1,78.5
848,236,C201,37.0,43,Withdrawn,5,39.4
849,111,C101,87.0,72,Pass,3,81.0
850,321,C401,88.0,71,Pass,5,81.2
851,456,C401,74.5,95,Pass,2,82.69999999999999
852,438,C301,59.5,65,Withdrawn,5,61.699999999999996
853,424,C401,53.5,53,Pass,1,53.300000000000004
854,493,C101,63.0,72,Withdrawn,0,66.6
855,467,C301,49.5,45,Withdrawn,2,47.7
856,351,C401,67.5,81,Fail,3,72.9
857,112,C401,49.0,44,Pass,0,47.0
858,477,C301,68.5,83,Fail,1,74.30000000000001
859,151,C301,63.0,60,Pass,1,61.8
860,359,C101,67.0,80,Withdrawn,1,72.19999999999999
861,23,C201,43.0,46,Fail,2,44.2
862,192,C401,71.5,89,Fail,2,78.5
863,448,C101,93.0,80,Pass,1,87.8
864,73,C101,41.0,68,Fail,4,51.8
865,376,C301,73.5,93,Withdrawn,5,81.30000000000001
866,91,C401,65.0,81,Pass,4,71.4
867,477,C101,92.0,77,Pass,3,86.0
868,366,C201,74.0,94,Withdrawn,2,82.0
869,160,C401,56.0,53,Fail,0,54.800000000000004
870,213,C201,60.0,66,Withdrawn,0,62.400000000000006
871,132,C401,56.0,57,Fail,2,56.400000000000006
872,8,C201,61.5,69,Withdrawn,4,64.5
873,27,C301,98.0,92,Pass,1,95.6
874,222,C101,58.0,81,Fail,3,67.19999999999999
875,245,C301,73.0,92,Fail,0,80.6
876,50,C401,37.0,61,Withdrawn,0,46.6
877,311,C101,88.0,65,Pass,3,78.8
878,234,C201,71.0,88,Withdrawn,0,77.80000000000001
879,148,C301,51.5,49,Withdrawn,1,50.5
880,467,C101,49.5,45,Pass,1,47.7
881,78,C401,76.0,58,Pass,5,68.80000000000001
882,252,C401,93.0,83,Pass,1,89.0
883,78,C301,77.0,64,Pass,5,71.8
884,73,C401,70.0,48,Pass,5,61.2
885,377,C101,56.0,54,Fail,0,55.2
886,140,C201,81.0,93,Pass,5,85.80000000000001
887,49,C401,60.0,53,Pass,2,57.2
888,197,C101,65.0,73,Pass,1,68.2
889,468,C401,63.0,72,Withdrawn,5,66.6
890,393,C401,68.0,82,Pass,5,73.6
891,230,C401,61.0,63,Pass,5,61.800000000000004
892,440,C201,62.0,66,Pass,0,63.599999999999994
893,219,C401,83.0,91,Pass,0,86.19999999999999
894,176,C301,72.0,90,Withdrawn,3,79.19999999999999
895,347,C401,70.0,86,Withdrawn,4,76.4
896,327,C401,55.0,56,Withdrawn,0,55.400000000000006
897,371,C301,64.5,75,Withdrawn,1,68.69999999999999
898,66,C201,43.0,42,Fail,2,42.6
899,21,C101,62.5,71,Withdrawn,4,65.9
900,175,C101,67.0,80,Withdrawn,3,72.19999999999999
901,390,C101,38.0,64,Withdrawn,1,48.400000000000006
902,283,C201,74.0,94,Pass,4,82.0
903,371,C101,56.0,49,Fail,4,53.2
904,2,C401,71.0,88,Fail,5,77.80000000000001
905,161,C301,63.5,73,Withdrawn,3,67.30000000000001
906,494,C101,64.0,40,Pass,0,54.4
907,389,C201,74.5,95,Withdrawn,2,82.69999999999999
908,423,C301,61.0,48,Pass,3,55.800000000000004
909,435,C301,73.5,93,Fail,3,81.30000000000001
910,230,C401,66.0,65,Pass,3,65.6
911,355,C101,55.0,65,Fail,4,59.0
912,17,C301,28.0,54,Withdrawn,1,38.400000000000006
913,326,C201,51.0,51,Fail,0,51.0
914,213,C401,50.0,46,Withdrawn,3,48.400000000000006
915,21,C101,50.0,46,Withdrawn,4,48.400000000000006
916,372,C301,95.0,80,Pass,2,89.0
917,203,C401,50.0,70,Fail,1,58.0
918,331,C301,49.0,44,Pass,3,47.0
919,431,C301,90.0,80,Pass,1,86.0
920,178,C401,59.0,64,Withdrawn,1,61.0
921,388,C401,93.0,85,Pass,5,89.8
922,76,C201,54.5,55,Withdrawn,2,54.699999999999996
923,85,C201,62.0,45,Pass,1,55.199999999999996
924,430,C201,99.0,93,Pass,5,96.6
925,280,C301,49.5,45,Pass,0,47.7
926,254,C101,86.0,94,Pass,4,89.2
927,432,C301,47.5,41,Withdrawn,1,44.900000000000006
928,398,C201,97.0,94,Pass,5,95.8
929,268,C401,61.0,61,Pass,4,61.0
930,336,C201,67.0,64,Pass,3,65.8
931,435,C101,62.0,70,Withdrawn,4,65.19999999999999
932,59,C201,39.0,44,Withdrawn,4,41.0
933,234,C101,65.5,77,Withdrawn,4,70.1
934,211,C101,15.0,45,Withdrawn,2,27.0
935,50,C101,54.0,54,Withdrawn,3,54.0
936,224,C301,70.0,47,Pass,1,60.8
937,109,C101,71.5,89,Withdrawn,1,78.5
938,209,C101,51.0,59,Fail,2,54.2
939,358,C201,22.0,47,Withdrawn,1,32.0
940,230,C301,70.5,87,Fail,0,77.1
941,181,C101,72.0,75,Pass,3,73.19999999999999
942,11,C401,53.0,52,Withdrawn,5,52.599999999999994
943,72,C201,67.0,52,Pass,4,61.0
944,84,C301,65.5,77,Withdrawn,5,70.1
945,443,C201,76.0,77,Pass,5,76.4
946,191,C101,70.0,88,Pass,3,77.2
947,70,C101,58.0,62,Withdrawn,4,59.599999999999994
948,8,C401,69.0,56,Pass,2,63.8
949,371,C201,68.0,82,Fail,5,73.6
950,423,C201,71.5,89,Fail,5,78.5
951,352,C101,98.0,76,Pass,1,89.2
952,471,C101,77.0,81,Pass,2,78.6
953,430,C301,53.0,52,Pass,0,52.599999999999994
954,176,C101,84.0,80,Pass,4,82.4
955,484,C201,87.0,87,Pass,3,87.0
956,112,C201,60.5,67,Withdrawn,4,63.099999999999994
957,91,C301,56.0,73,Fail,0,62.800000000000004
958,77,C101,20.0,46,Withdrawn,4,30.400000000000002
959,401,C401,53.5,53,Withdrawn,1,53.300000000000004
960,309,C401,60.0,66,Withdrawn,2,62.400000000000006
961,458,C201,50.0,46,Pass,2,48.400000000000006
962,115,C201,67.0,80,Withdrawn,1,72.19999999999999
963,481,C301,57.0,60,Pass,2,58.199999999999996
964,297,C101,71.0,88,Withdrawn,5,77.80000000000001
965,55,C201,70.0,86,Withdrawn,4,76.4
966,107,C201,68.5,83,Fail,2,74.30000000000001
967,362,C401,63.0,72,Withdrawn,3,66.6
968,228,C101,63.0,66,Pass,0,64.2
969,193,C101,87.0,83,Pass,3,85.4
970,90,C301,73.5,93,Withdrawn,3,81.30000000000001
971,202,C401,53.5,53,Pass,4,53.300000000000004
972,72,C301,51.5,49,Pass,4,50.5
973,484,C401,59.0,64,Withdrawn,1,61.0
974,252,C101,58.0,62,Withdrawn,2,59.599999999999994
975,337,C401,71.5,89,Withdrawn,3,78.5
976,287,C101,82.0,52,Pass,1,70.0
977,230,C201,68.0,71,Pass,4,69.2
978,226,C101,71.0,94,Pass,3,80.2
979,426,C201,60.5,67,Withdrawn,0,63.099999999999994
980,328,C101,57.0,60,Withdrawn,3,58.199999999999996
981,169,C401,77.0,88,Pass,0,81.4
982,436,C401,55.0,53,Fail,3,54.2
983,494,C201,31.0,41,Withdrawn,3,35.0
984,20,C401,78.0,53,Pass,1,68.0
985,133,C301,45.0,56,Fail,0,49.400000000000006
986,134,C201,95.0,84,Pass,0,90.6
987,440,C401,68.5,83,Withdrawn,0,74.30000000000001
988,464,C101,67.0,68,Pass,0,67.4
989,231,C301,61.0,68,Pass,2,63.800000000000004
990,305,C401,44.0,70,Fail,3,54.4
991,364,C201,61.5,69,Withdrawn,5,64.5
992,425,C301,56.0,83,Fail,1,66.80000000000001
993,24,C101,42.0,67,Fail,5,52.0
994,347,C201,28.0,41,Withdrawn,4,33.2
995,427,C101,55.5,57,Withdrawn,5,56.099999999999994
996,403,C101,47.0,40,Pass,0,44.2
997,197,C401,59.0,64,Withdrawn,0,61.0
998,441,C101,73.5,93,Fail,2,81.30000000000001
999,240,C101,67.0,85,Pass,0,74.19999999999999
1000,231,C401,91.0,91,Pass,2,91.0
